model_name,dim_index,code_spread,mean_radius
vae_rf_10000,0,1.0950706,0.012463767
vae_rf_10000,1,1.368258,0.011612754
